{"cost": 0.6528388225343328, "_step": 34934, "_runtime": 80, "_timestamp": 1609058275, "epoch_cost": 0.00919719391508007}