{"cost": 1.0497179985530871, "_step": 34934, "_runtime": 77, "_timestamp": 1607457949, "epoch_cost": 0.01246630308310023}